{
  "IcoMoonType": "selection",
  "icons": [
    {
      "icon": {
        "paths": [
          "M608 192h160v-192h-160c-123.514 0-224 100.486-224 224v96h-128v192h128v512h192v-512h160l32-192h-192v-96c0-17.346 14.654-32 32-32z"
        ],
        "tags": [
          "facebook",
          "brand",
          "social"
        ],
        "defaultCode": 60048,
        "grid": 16,
        "attrs": []
      },
      "attrs": [],
      "properties": {
        "ligatures": "facebook, brand10",
        "name": "facebook",
        "order": 4,
        "id": 401,
        "prevSize": 32
      },
      "setIdx": 1,
      "setId": 1,
      "iconIdx": 400
    },
    {
      "icon": {
        "paths": [
          "M512 92.2c136.8 0 153 0.6 206.8 3 50 2.2 77 10.6 95 17.6 23.8 9.2 41 20.4 58.8 38.2 18 18 29 35 38.4 58.8 7 18 15.4 45.2 17.6 95 2.4 54 3 70.2 3 206.8s-0.6 153-3 206.8c-2.2 50-10.6 77-17.6 95-9.2 23.8-20.4 41-38.2 58.8-18 18-35 29-58.8 38.4-18 7-45.2 15.4-95 17.6-54 2.4-70.2 3-206.8 3s-153-0.6-206.8-3c-50-2.2-77-10.6-95-17.6-23.8-9.2-41-20.4-58.8-38.2-18-18-29-35-38.4-58.8-7-18-15.4-45.2-17.6-95-2.4-54-3-70.2-3-206.8s0.6-153 3-206.8c2.2-50 10.6-77 17.6-95 9.2-23.8 20.4-41 38.2-58.8 18-18 35-29 58.8-38.4 18-7 45.2-15.4 95-17.6 53.8-2.4 70-3 206.8-3zM512 0c-139 0-156.4 0.6-211 3-54.4 2.4-91.8 11.2-124.2 23.8-33.8 13.2-62.4 30.6-90.8 59.2-28.6 28.4-46 57-59.2 90.6-12.6 32.6-21.4 69.8-23.8 124.2-2.4 54.8-3 72.2-3 211.2s0.6 156.4 3 211c2.4 54.4 11.2 91.8 23.8 124.2 13.2 33.8 30.6 62.4 59.2 90.8 28.4 28.4 57 46 90.6 59 32.6 12.6 69.8 21.4 124.2 23.8 54.6 2.4 72 3 211 3s156.4-0.6 211-3c54.4-2.4 91.8-11.2 124.2-23.8 33.6-13 62.2-30.6 90.6-59s46-57 59-90.6c12.6-32.6 21.4-69.8 23.8-124.2 2.4-54.6 3-72 3-211s-0.6-156.4-3-211c-2.4-54.4-11.2-91.8-23.8-124.2-12.6-34-30-62.6-58.6-91-28.4-28.4-57-46-90.6-59-32.6-12.6-69.8-21.4-124.2-23.8-54.8-2.6-72.2-3.2-211.2-3.2v0z",
          "M512 249c-145.2 0-263 117.8-263 263s117.8 263 263 263 263-117.8 263-263c0-145.2-117.8-263-263-263zM512 682.6c-94.2 0-170.6-76.4-170.6-170.6s76.4-170.6 170.6-170.6c94.2 0 170.6 76.4 170.6 170.6s-76.4 170.6-170.6 170.6z",
          "M846.8 238.6c0 33.91-27.49 61.4-61.4 61.4s-61.4-27.49-61.4-61.4c0-33.91 27.49-61.4 61.4-61.4s61.4 27.49 61.4 61.4z"
        ],
        "tags": [
          "instagram",
          "brand",
          "social"
        ],
        "defaultCode": 60050,
        "grid": 16,
        "attrs": []
      },
      "attrs": [],
      "properties": {
        "ligatures": "instagram, brand12",
        "name": "instagram",
        "order": 2,
        "id": 403,
        "prevSize": 32
      },
      "setIdx": 1,
      "setId": 1,
      "iconIdx": 402
    },
    {
      "icon": {
        "paths": [
          "M1024 226.4c-37.6 16.8-78.2 28-120.6 33 43.4-26 76.6-67.2 92.4-116.2-40.6 24-85.6 41.6-133.4 51-38.4-40.8-93-66.2-153.4-66.2-116 0-210 94-210 210 0 16.4 1.8 32.4 5.4 47.8-174.6-8.8-329.4-92.4-433-219.6-18 31-28.4 67.2-28.4 105.6 0 72.8 37 137.2 93.4 174.8-34.4-1-66.8-10.6-95.2-26.2 0 0.8 0 1.8 0 2.6 0 101.8 72.4 186.8 168.6 206-17.6 4.8-36.2 7.4-55.4 7.4-13.6 0-26.6-1.4-39.6-3.8 26.8 83.4 104.4 144.2 196.2 146-72 56.4-162.4 90-261 90-17 0-33.6-1-50.2-3 93.2 59.8 203.6 94.4 322.2 94.4 386.4 0 597.8-320.2 597.8-597.8 0-9.2-0.2-18.2-0.6-27.2 41-29.4 76.6-66.4 104.8-108.6z"
        ],
        "tags": [
          "twitter",
          "brand",
          "tweet",
          "social"
        ],
        "defaultCode": 60054,
        "grid": 16,
        "attrs": []
      },
      "attrs": [],
      "properties": {
        "ligatures": "twitter, brand16",
        "name": "twitter",
        "order": 3,
        "id": 407,
        "prevSize": 32
      },
      "setIdx": 1,
      "setId": 1,
      "iconIdx": 406
    },
    {
      "icon": {
        "paths": [
          "M384 384h177.106v90.782h2.532c24.64-44.194 84.958-90.782 174.842-90.782 186.946 0 221.52 116.376 221.52 267.734v308.266h-184.61v-273.278c0-65.184-1.334-149.026-96.028-149.026-96.148 0-110.82 70.986-110.82 144.292v278.012h-184.542v-576z",
          "M64 384h192v576h-192v-576z",
          "M256 224c0 53.019-42.981 96-96 96s-96-42.981-96-96c0-53.019 42.981-96 96-96s96 42.981 96 96z"
        ],
        "tags": [
          "linkedin",
          "brand",
          "social"
        ],
        "defaultCode": 60106,
        "grid": 16,
        "attrs": []
      },
      "attrs": [],
      "properties": {
        "ligatures": "linkedin2, brand65",
        "name": "linkedin2",
        "order": 5,
        "id": 459,
        "prevSize": 32
      },
      "setIdx": 1,
      "setId": 1,
      "iconIdx": 458
    }
  ],
  "height": 1024,
  "preferences": {
    "showGlyphs": true,
    "showQuickUse": true,
    "showQuickUse2": true,
    "showSVGs": true,
    "fontPref": {
      "prefix": "icon-",
      "metadata": {
        "fontFamily": "icomoon"
      },
      "metrics": {
        "emSize": 1024,
        "baseline": 6.25,
        "whitespace": 50
      },
      "embed": false
    },
    "imagePref": {
      "prefix": "icon-",
      "png": true,
      "useClassSelector": true,
      "color": 0,
      "bgColor": 16777215,
      "classSelector": ".icon",
      "name": "icomoon"
    },
    "historySize": 50,
    "showCodes": true,
    "gridSize": 16
  }
}